{"ARG":{"country":"Argentina","endDate":"2020-04-12","level":"National","place":"","startDate":"2020-03-19"},"AUS":{"country":"Australia","endDate":"2020-04-24","level":"National","place":"","startDate":"2020-03-23"},"AUT":{"country":"Austria","endDate":"2020-04-13","level":"National","place":"","startDate":"2020-03-16"},"BEL":{"country":"Belgium","endDate":"2020-04-18","level":"National","place":"","startDate":"2020-03-18"},"BOL":{"country":"Bolivia","endDate":"2020-04-14","level":"National","place":"","startDate":"2020-03-22"},"CHL":{"country":"Chile","endDate":"2020-04-14","level":"National","place":"","startDate":"2020-03-19"},"COL":{"country":"Colombia","endDate":"2020-04-13","level":"National","place":"","startDate":"2020-03-25"},"CRI":{"country":"Costa Rica","endDate":"2020-04-13","level":"National","place":"","startDate":"2020-03-23"},"CUB":{"country":"Cuba","endDate":"2020-04-19","level":"National","place":"","startDate":"2020-03-23"},"DNK":{"country":"Denmark","endDate":"2020-04-13","level":"National","place":"","startDate":"2020-03-11"},"FRA":{"country":"France","endDate":"2020-04-15","level":"National","place":"","startDate":"2020-03-17"},"GRC":{"country":"Greece","endDate":"2020-04-06","level":"National","place":"","startDate":"2020-03-23"},"HND":{"country":"Honduras","endDate":"2020-04-12","level":"National","place":"","startDate":"2020-03-17"},"HUN":{"country":"Hungary","endDate":"2020-04-11","level":"National","place":"","startDate":"2020-03-28"},"IRQ":{"country":"Iraq","endDate":"2020-04-11","level":"National","place":"","startDate":"2020-03-22"},"IRL":{"country":"Ireland","endDate":"2020-04-12","level":"National","place":"","startDate":"2020-03-12"},"ITA":{"country":"Italy","endDate":"2020-04-13","level":"National","place":"","startDate":"2020-03-09"},"JOR":{"country":"Jordan","endDate":"2020-04-12","level":"National","place":"","startDate":"2020-03-21"},"LBY":{"country":"Libya","endDate":"2020-04-20","level":"National","place":"","startDate":"2020-03-22"},"MYS":{"country":"Malaysia","endDate":"2020-04-14","level":"National","place":"","startDate":"2020-03-18"},"MAR":{"country":"Morocco","endDate":"2020-04-20","level":"National","place":"","startDate":"2020-03-19"},"NPL":{"country":"Nepal","endDate":"2020-04-07","level":"National","place":"","startDate":"2020-03-24"},"NLD":{"country":"Netherlands","endDate":"2020-04-28","level":"National","place":"","startDate":"2020-03-16"},"NZL":{"country":"New Zealand","endDate":"2020-04-19","level":"National","place":"","startDate":"2020-03-26"},"NOR":{"country":"Norway","endDate":"2020-04-13","level":"National","place":"","startDate":"2020-03-12"},"PAN":{"country":"Panama","endDate":"2020-04-13","level":"National","place":"","startDate":"2020-03-25"},"PNG":{"country":"Papua New Guinea","endDate":"2020-04-13","level":"National","place":"","startDate":"2020-03-24"},"PRY":{"country":"Paraguay","endDate":"2020-04-12","level":"National","place":"","startDate":"2020-03-20"},"POL":{"country":"Poland","endDate":"2020-04-12","level":"National","place":"","startDate":"2020-03-13"},"ROU":{"country":"Romania","endDate":"2020-04-14","level":"National","place":"","startDate":"2020-03-25"},"RWA":{"country":"Rwanda","endDate":"2020-04-12","level":"National","place":"","startDate":"2020-03-21"},"ZAF":{"country":"South Africa","endDate":"2020-04-16","level":"National","place":"","startDate":"2020-03-26"},"ESP":{"country":"Spain","endDate":"2020-04-14","level":"National","place":"","startDate":"2020-03-14"},"TUN":{"country":"Tunisia","endDate":"2020-04-11","level":"National","place":"","startDate":"2020-03-22"},"GBR":{"country":"United Kingdom","endDate":"2020-04-13","level":"National","place":"","startDate":"2020-03-23"},"ZWE":{"country":"Zimbabwe","endDate":"2020-04-12","level":"National","place":"","startDate":"2020-03-30"},"LTU":{"country":"Lithuania","endDate":"2020-04-13","level":"National","place":"","startDate":"2020-03-16"},"ARE":{"country":"United Arab Emirates","endDate":"2020-04-05","level":"National","place":"","startDate":"2020-03-22"},"LBN":{"country":"Lebanon","endDate":"2020-04-12","level":"National","place":"","startDate":"2020-03-22"},"KWT":{"country":"Kuwait","endDate":"","level":"National","place":"","startDate":"2020-03-14"},"IND":{"country":"India","endDate":"2020-04-14","level":"National","place":"","startDate":"2020-03-24"},"PER":{"country":"Peru","endDate":"2020-04-12","level":"National","place":"","startDate":"2020-03-16"},"Quebec, CAN":{"country":"Canada","endDate":"","level":"Province","place":"Quebec","startDate":"2020-03-13"},"SLV":{"country":"El Salvador","endDate":"2020-04-20","level":"National","place":"","startDate":"2020-03-21"},"CZE":{"country":"Czech Republic","endDate":"2020-04-12","level":"National","place":"","startDate":"2020-03-22"},"VEN":{"country":"Venezuela","endDate":"","level":"National","place":"","startDate":"2020-03-16"},"LKA":{"country":"Sri Lanka","endDate":"","level":"National","place":"","startDate":"2020-03-20"},"RUS":{"country":"Russia","endDate":"","level":"National","place":"","startDate":"2020-03-30"},"PRI":{"country":"Puerto Rico","endDate":"","level":"National","place":"","startDate":"2020-03-15"},"GEO":{"country":"Georgia","endDate":"2020-04-21","level":"National","place":"","startDate":"2020-03-31"},"PRT":{"country":"Portugal","endDate":"2020-04-16","level":"National","place":"","startDate":"2020-03-19"},"Victoria, AUS":{"country":"Australia","endDate":"2020-04-24","level":"National","place":"","startDate":"2020-03-23"},"Tasmania, AUS":{"country":"Australia","endDate":"2020-04-24","level":"National","place":"","startDate":"2020-03-23"},"Queensland, AUS":{"country":"Australia","endDate":"2020-04-24","level":"National","place":"","startDate":"2020-03-23"},"New South Wales, AUS":{"country":"Australia","endDate":"2020-04-24","level":"National","place":"","startDate":"2020-03-23"},"South Australia, AUS":{"country":"Australia","endDate":"2020-04-24","level":"National","place":"","startDate":"2020-03-23"},"Western Australia, AUS":{"country":"Australia","endDate":"2020-04-24","level":"National","place":"","startDate":"2020-03-23"},"Northern Territory, AUS":{"country":"Australia","endDate":"2020-04-24","level":"National","place":"","startDate":"2020-03-23"},"Australian Capital Territory, AUS":{"country":"Australia","endDate":"2020-04-24","level":"National","place":"","startDate":"2020-03-23"},"Greenland, DNK":{"country":"Denmark","endDate":"2020-04-13","level":"National","place":"","startDate":"2020-03-11"},"Faroe Islands, DNK":{"country":"Denmark","endDate":"2020-04-13","level":"National","place":"","startDate":"2020-03-11"},"Corse, FRA":{"country":"France","endDate":"2020-04-15","level":"National","place":"","startDate":"2020-03-17"},"Guyane, FRA":{"country":"France","endDate":"2020-04-15","level":"National","place":"","startDate":"2020-03-17"},"Reunion, FRA":{"country":"France","endDate":"2020-04-15","level":"National","place":"","startDate":"2020-03-17"},"Mayotte, FRA":{"country":"France","endDate":"2020-04-15","level":"National","place":"","startDate":"2020-03-17"},"Bretagne, FRA":{"country":"France","endDate":"2020-04-15","level":"National","place":"","startDate":"2020-03-17"},"Grand Est, FRA":{"country":"France","endDate":"2020-04-15","level":"National","place":"","startDate":"2020-03-17"},"St Martin, FRA":{"country":"France","endDate":"2020-04-15","level":"National","place":"","startDate":"2020-03-17"},"Occitanie, FRA":{"country":"France","endDate":"2020-04-15","level":"National","place":"","startDate":"2020-03-17"},"Normandie, FRA":{"country":"France","endDate":"2020-04-15","level":"National","place":"","startDate":"2020-03-17"},"La Réunion, FRA":{"country":"France","endDate":"2020-04-15","level":"National","place":"","startDate":"2020-03-17"},"Martinique, FRA":{"country":"France","endDate":"2020-04-15","level":"National","place":"","startDate":"2020-03-17"},"Guadeloupe, FRA":{"country":"France","endDate":"2020-04-15","level":"National","place":"","startDate":"2020-03-17"},"Saint-Martin, FRA":{"country":"France","endDate":"2020-04-15","level":"National","place":"","startDate":"2020-03-17"},"French Guiana, FRA":{"country":"France","endDate":"2020-04-15","level":"National","place":"","startDate":"2020-03-17"},"Île-de-France, FRA":{"country":"France","endDate":"2020-04-15","level":"National","place":"","startDate":"2020-03-17"},"New Caledonia, FRA":{"country":"France","endDate":"2020-04-15","level":"National","place":"","startDate":"2020-03-17"},"Hauts-de-France, FRA":{"country":"France","endDate":"2020-04-15","level":"National","place":"","startDate":"2020-03-17"},"Pays de la Loire, FRA":{"country":"France","endDate":"2020-04-15","level":"National","place":"","startDate":"2020-03-17"},"Saint Barthelemy, FRA":{"country":"France","endDate":"2020-04-15","level":"National","place":"","startDate":"2020-03-17"},"French Polynesia, FRA":{"country":"France","endDate":"2020-04-15","level":"National","place":"","startDate":"2020-03-17"},"Saint-Barthélemy, FRA":{"country":"France","endDate":"2020-04-15","level":"National","place":"","startDate":"2020-03-17"},"Wallis et Futuna, FRA":{"country":"France","endDate":"2020-04-15","level":"National","place":"","startDate":"2020-03-17"},"Nouvelle-Calédonie, FRA":{"country":"France","endDate":"2020-04-15","level":"National","place":"","startDate":"2020-03-17"},"Nouvelle-Aquitaine, FRA":{"country":"France","endDate":"2020-04-15","level":"National","place":"","startDate":"2020-03-17"},"Centre-Val de Loire, FRA":{"country":"France","endDate":"2020-04-15","level":"National","place":"","startDate":"2020-03-17"},"Polynésie française, FRA":{"country":"France","endDate":"2020-04-15","level":"National","place":"","startDate":"2020-03-17"},"Auvergne-Rhône-Alpes, FRA":{"country":"France","endDate":"2020-04-15","level":"National","place":"","startDate":"2020-03-17"},"Bourgogne-Franche-Comté, FRA":{"country":"France","endDate":"2020-04-15","level":"National","place":"","startDate":"2020-03-17"},"Provence-Alpes-Côte d'Azur, FRA":{"country":"France","endDate":"2020-04-15","level":"National","place":"","startDate":"2020-03-17"},"Lazio, ITA":{"country":"Italy","endDate":"2020-04-13","level":"National","place":"","startDate":"2020-03-09"},"Sicily, ITA":{"country":"Italy","endDate":"2020-04-13","level":"National","place":"","startDate":"2020-03-09"},"Marche, ITA":{"country":"Italy","endDate":"2020-04-13","level":"National","place":"","startDate":"2020-03-09"},"Molise, ITA":{"country":"Italy","endDate":"2020-04-13","level":"National","place":"","startDate":"2020-03-09"},"Apulia, ITA":{"country":"Italy","endDate":"2020-04-13","level":"National","place":"","startDate":"2020-03-09"},"Umbria, ITA":{"country":"Italy","endDate":"2020-04-13","level":"National","place":"","startDate":"2020-03-09"},"Veneto, ITA":{"country":"Italy","endDate":"2020-04-13","level":"National","place":"","startDate":"2020-03-09"},"Liguria, ITA":{"country":"Italy","endDate":"2020-04-13","level":"National","place":"","startDate":"2020-03-09"},"Tuscany, ITA":{"country":"Italy","endDate":"2020-04-13","level":"National","place":"","startDate":"2020-03-09"},"Piemont, ITA":{"country":"Italy","endDate":"2020-04-13","level":"National","place":"","startDate":"2020-03-09"},"Abruzzo, ITA":{"country":"Italy","endDate":"2020-04-13","level":"National","place":"","startDate":"2020-03-09"},"Calabria, ITA":{"country":"Italy","endDate":"2020-04-13","level":"National","place":"","startDate":"2020-03-09"},"Sardinia, ITA":{"country":"Italy","endDate":"2020-04-13","level":"National","place":"","startDate":"2020-03-09"},"Lombardy, ITA":{"country":"Italy","endDate":"2020-04-13","level":"National","place":"","startDate":"2020-03-09"},"Campania, ITA":{"country":"Italy","endDate":"2020-04-13","level":"National","place":"","startDate":"2020-03-09"},"Basilicata, ITA":{"country":"Italy","endDate":"2020-04-13","level":"National","place":"","startDate":"2020-03-09"},"Aosta Valley, ITA":{"country":"Italy","endDate":"2020-04-13","level":"National","place":"","startDate":"2020-03-09"},"Emilia-Romagna, ITA":{"country":"Italy","endDate":"2020-04-13","level":"National","place":"","startDate":"2020-03-09"},"Friuli Venezia Giulia, ITA":{"country":"Italy","endDate":"2020-04-13","level":"National","place":"","startDate":"2020-03-09"},"Trentino-Alto Adige/Südtirol, ITA":{"country":"Italy","endDate":"2020-04-13","level":"National","place":"","startDate":"2020-03-09"},"Aruba, NLD":{"country":"Netherlands","endDate":"2020-04-28","level":"National","place":"","startDate":"2020-03-16"},"Curacao, NLD":{"country":"Netherlands","endDate":"2020-04-28","level":"National","place":"","startDate":"2020-03-16"},"Sint Maarten, NLD":{"country":"Netherlands","endDate":"2020-04-28","level":"National","place":"","startDate":"2020-03-16"},"Bonaire, Sint Eustatius and Saba, NLD":{"country":"Netherlands","endDate":"2020-04-28","level":"National","place":"","startDate":"2020-03-16"},"Ceuta, ESP":{"country":"Spain","endDate":"2020-04-14","level":"National","place":"","startDate":"2020-03-14"},"Aragón, ESP":{"country":"Spain","endDate":"2020-04-14","level":"National","place":"","startDate":"2020-03-14"},"Madrid, ESP":{"country":"Spain","endDate":"2020-04-14","level":"National","place":"","startDate":"2020-03-14"},"Murcia, ESP":{"country":"Spain","endDate":"2020-04-14","level":"National","place":"","startDate":"2020-03-14"},"Navarra, ESP":{"country":"Spain","endDate":"2020-04-14","level":"National","place":"","startDate":"2020-03-14"},"Galicia, ESP":{"country":"Spain","endDate":"2020-04-14","level":"National","place":"","startDate":"2020-03-14"},"Melilla, ESP":{"country":"Spain","endDate":"2020-04-14","level":"National","place":"","startDate":"2020-03-14"},"La Rioja, ESP":{"country":"Spain","endDate":"2020-04-14","level":"National","place":"","startDate":"2020-03-14"},"Cataluña, ESP":{"country":"Spain","endDate":"2020-04-14","level":"National","place":"","startDate":"2020-03-14"},"Canarias, ESP":{"country":"Spain","endDate":"2020-04-14","level":"National","place":"","startDate":"2020-03-14"},"Baleares, ESP":{"country":"Spain","endDate":"2020-04-14","level":"National","place":"","startDate":"2020-03-14"},"Asturias, ESP":{"country":"Spain","endDate":"2020-04-14","level":"National","place":"","startDate":"2020-03-14"},"Andalucía, ESP":{"country":"Spain","endDate":"2020-04-14","level":"National","place":"","startDate":"2020-03-14"},"Cantabria, ESP":{"country":"Spain","endDate":"2020-04-14","level":"National","place":"","startDate":"2020-03-14"},"País Vasco, ESP":{"country":"Spain","endDate":"2020-04-14","level":"National","place":"","startDate":"2020-03-14"},"Extremadura, ESP":{"country":"Spain","endDate":"2020-04-14","level":"National","place":"","startDate":"2020-03-14"},"C. Valenciana, ESP":{"country":"Spain","endDate":"2020-04-14","level":"National","place":"","startDate":"2020-03-14"},"Castilla y León, ESP":{"country":"Spain","endDate":"2020-04-14","level":"National","place":"","startDate":"2020-03-14"},"Castilla-La Mancha, ESP":{"country":"Spain","endDate":"2020-04-14","level":"National","place":"","startDate":"2020-03-14"},"UK, GBR":{"country":"United Kingdom","endDate":"2020-04-13","level":"National","place":"","startDate":"2020-03-23"},"Bermuda, GBR":{"country":"United Kingdom","endDate":"2020-04-13","level":"National","place":"","startDate":"2020-03-23"},"Anguilla, GBR":{"country":"United Kingdom","endDate":"2020-04-13","level":"National","place":"","startDate":"2020-03-23"},"Scotland, GBR":{"country":"United Kingdom","endDate":"2020-04-13","level":"National","place":"","startDate":"2020-03-23"},"Gibraltar, GBR":{"country":"United Kingdom","endDate":"2020-04-13","level":"National","place":"","startDate":"2020-03-23"},"Montserrat, GBR":{"country":"United Kingdom","endDate":"2020-04-13","level":"National","place":"","startDate":"2020-03-23"},"Isle of Man, GBR":{"country":"United Kingdom","endDate":"2020-04-13","level":"National","place":"","startDate":"2020-03-23"},"York, England, GBR":{"country":"United Kingdom","endDate":"2020-04-13","level":"National","place":"","startDate":"2020-03-23"},"Bury, England, GBR":{"country":"United Kingdom","endDate":"2020-04-13","level":"National","place":"","startDate":"2020-03-23"},"Kent, England, GBR":{"country":"United Kingdom","endDate":"2020-04-13","level":"National","place":"","startDate":"2020-03-23"},"Devon, England, GBR":{"country":"United Kingdom","endDate":"2020-04-13","level":"National","place":"","startDate":"2020-03-23"},"Fife, Scotland, GBR":{"country":"United Kingdom","endDate":"2020-04-13","level":"National","place":"","startDate":"2020-03-23"},"Essex, England, GBR":{"country":"United Kingdom","endDate":"2020-04-13","level":"National","place":"","startDate":"2020-03-23"},"Wigan, England, GBR":{"country":"United Kingdom","endDate":"2020-04-13","level":"National","place":"","startDate":"2020-03-23"},"Brent, England, GBR":{"country":"United Kingdom","endDate":"2020-04-13","level":"National","place":"","startDate":"2020-03-23"},"Luton, England, GBR":{"country":"United Kingdom","endDate":"2020-04-13","level":"National","place":"","startDate":"2020-03-23"},"Leeds, England, GBR":{"country":"United Kingdom","endDate":"2020-04-13","level":"National","place":"","startDate":"2020-03-23"},"Derby, England, GBR":{"country":"United Kingdom","endDate":"2020-04-13","level":"National","place":"","startDate":"2020-03-23"},"Cayman Islands, GBR":{"country":"United Kingdom","endDate":"2020-04-13","level":"National","place":"","startDate":"2020-03-23"},"Sutton, England, GBR":{"country":"United Kingdom","endDate":"2020-04-13","level":"National","place":"","startDate":"2020-03-23"},"Surrey, England, GBR":{"country":"United Kingdom","endDate":"2020-04-13","level":"National","place":"","startDate":"2020-03-23"},"Camden, England, GBR":{"country":"United Kingdom","endDate":"2020-04-13","level":"National","place":"","startDate":"2020-03-23"},"Slough, England, GBR":{"country":"United Kingdom","endDate":"2020-04-13","level":"National","place":"","startDate":"2020-03-23"},"Sefton, England, GBR":{"country":"United Kingdom","endDate":"2020-04-13","level":"National","place":"","startDate":"2020-03-23"},"Halton, England, GBR":{"country":"United Kingdom","endDate":"2020-04-13","level":"National","place":"","startDate":"2020-03-23"},"Dudley, England, GBR":{"country":"United Kingdom","endDate":"2020-04-13","level":"National","place":"","startDate":"2020-03-23"},"Bolton, England, GBR":{"country":"United Kingdom","endDate":"2020-04-13","level":"National","place":"","startDate":"2020-03-23"},"Oldham, England, GBR":{"country":"United Kingdom","endDate":"2020-04-13","level":"National","place":"","startDate":"2020-03-23"},"Newham, England, GBR":{"country":"United Kingdom","endDate":"2020-04-13","level":"National","place":"","startDate":"2020-03-23"},"Bexley, England, GBR":{"country":"United Kingdom","endDate":"2020-04-13","level":"National","place":"","startDate":"2020-03-23"},"Merton, England, GBR":{"country":"United Kingdom","endDate":"2020-04-13","level":"National","place":"","startDate":"2020-03-23"},"Wirral, England, GBR":{"country":"United Kingdom","endDate":"2020-04-13","level":"National","place":"","startDate":"2020-03-23"},"Harrow, England, GBR":{"country":"United Kingdom","endDate":"2020-04-13","level":"National","place":"","startDate":"2020-03-23"},"Channel Islands, GBR":{"country":"United Kingdom","endDate":"2020-04-13","level":"National","place":"","startDate":"2020-03-23"},"Medway, England, GBR":{"country":"United Kingdom","endDate":"2020-04-13","level":"National","place":"","startDate":"2020-03-23"},"Dorset, England, GBR":{"country":"United Kingdom","endDate":"2020-04-13","level":"National","place":"","startDate":"2020-03-23"},"Ealing, England, GBR":{"country":"United Kingdom","endDate":"2020-04-13","level":"National","place":"","startDate":"2020-03-23"},"Torbay, England, GBR":{"country":"United Kingdom","endDate":"2020-04-13","level":"National","place":"","startDate":"2020-03-23"},"Barnet, England, GBR":{"country":"United Kingdom","endDate":"2020-04-13","level":"National","place":"","startDate":"2020-03-23"},"Cumbria, England, GBR":{"country":"United Kingdom","endDate":"2020-04-13","level":"National","place":"","startDate":"2020-03-23"},"Croydon, England, GBR":{"country":"United Kingdom","endDate":"2020-04-13","level":"National","place":"","startDate":"2020-03-23"},"Bromley, England, GBR":{"country":"United Kingdom","endDate":"2020-04-13","level":"National","place":"","startDate":"2020-03-23"},"Norfolk, England, GBR":{"country":"United Kingdom","endDate":"2020-04-13","level":"National","place":"","startDate":"2020-03-23"},"Reading, England, GBR":{"country":"United Kingdom","endDate":"2020-04-13","level":"National","place":"","startDate":"2020-03-23"},"Bedford, England, GBR":{"country":"United Kingdom","endDate":"2020-04-13","level":"National","place":"","startDate":"2020-03-23"},"Rutland, England, GBR":{"country":"United Kingdom","endDate":"2020-04-13","level":"National","place":"","startDate":"2020-03-23"},"Salford, England, GBR":{"country":"United Kingdom","endDate":"2020-04-13","level":"National","place":"","startDate":"2020-03-23"},"Lambeth, England, GBR":{"country":"United Kingdom","endDate":"2020-04-13","level":"National","place":"","startDate":"2020-03-23"},"Suffolk, England, GBR":{"country":"United Kingdom","endDate":"2020-04-13","level":"National","place":"","startDate":"2020-03-23"},"Swindon, England, GBR":{"country":"United Kingdom","endDate":"2020-04-13","level":"National","place":"","startDate":"2020-03-23"},"Enfield, England, GBR":{"country":"United Kingdom","endDate":"2020-04-13","level":"National","place":"","startDate":"2020-03-23"},"Orkney, Scotland, GBR":{"country":"United Kingdom","endDate":"2020-04-13","level":"National","place":"","startDate":"2020-03-23"},"Walsall, England, GBR":{"country":"United Kingdom","endDate":"2020-04-13","level":"National","place":"","startDate":"2020-03-23"},"Kirklees, England, GBR":{"country":"United Kingdom","endDate":"2020-04-13","level":"National","place":"","startDate":"2020-03-23"},"Sandwell, England, GBR":{"country":"United Kingdom","endDate":"2020-04-13","level":"National","place":"","startDate":"2020-03-23"},"Lewisham, England, GBR":{"country":"United Kingdom","endDate":"2020-04-13","level":"National","place":"","startDate":"2020-03-23"},"Barnsley, England, GBR":{"country":"United Kingdom","endDate":"2020-04-13","level":"National","place":"","startDate":"2020-03-23"},"Solihull, England, GBR":{"country":"United Kingdom","endDate":"2020-04-13","level":"National","place":"","startDate":"2020-03-23"},"Somerset, England, GBR":{"country":"United Kingdom","endDate":"2020-04-13","level":"National","place":"","startDate":"2020-03-23"},"Coventry, England, GBR":{"country":"United Kingdom","endDate":"2020-04-13","level":"National","place":"","startDate":"2020-03-23"},"Bradford, England, GBR":{"country":"United Kingdom","endDate":"2020-04-13","level":"National","place":"","startDate":"2020-03-23"},"Plymouth, England, GBR":{"country":"United Kingdom","endDate":"2020-04-13","level":"National","place":"","startDate":"2020-03-23"},"Hounslow, England, GBR":{"country":"United Kingdom","endDate":"2020-04-13","level":"National","place":"","startDate":"2020-03-23"},"Havering, England, GBR":{"country":"United Kingdom","endDate":"2020-04-13","level":"National","place":"","startDate":"2020-03-23"},"Tameside, England, GBR":{"country":"United Kingdom","endDate":"2020-04-13","level":"National","place":"","startDate":"2020-03-23"},"Thurrock, England, GBR":{"country":"United Kingdom","endDate":"2020-04-13","level":"National","place":"","startDate":"2020-03-23"},"Trafford, England, GBR":{"country":"United Kingdom","endDate":"2020-04-13","level":"National","place":"","startDate":"2020-03-23"},"Rochdale, England, GBR":{"country":"United Kingdom","endDate":"2020-04-13","level":"National","place":"","startDate":"2020-03-23"},"Knowsley, England, GBR":{"country":"United Kingdom","endDate":"2020-04-13","level":"National","place":"","startDate":"2020-03-23"},"Haringey, England, GBR":{"country":"United Kingdom","endDate":"2020-04-13","level":"National","place":"","startDate":"2020-03-23"},"Borders, Scotland, GBR":{"country":"United Kingdom","endDate":"2020-04-13","level":"National","place":"","startDate":"2020-03-23"},"Tayside, Scotland, GBR":{"country":"United Kingdom","endDate":"2020-04-13","level":"National","place":"","startDate":"2020-03-23"},"Lothian, Scotland, GBR":{"country":"United Kingdom","endDate":"2020-04-13","level":"National","place":"","startDate":"2020-03-23"},"Gateshead, England, GBR":{"country":"United Kingdom","endDate":"2020-04-13","level":"National","place":"","startDate":"2020-03-23"},"Highland, Scotland, GBR":{"country":"United Kingdom","endDate":"2020-04-13","level":"National","place":"","startDate":"2020-03-23"},"Shetland, Scotland, GBR":{"country":"United Kingdom","endDate":"2020-04-13","level":"National","place":"","startDate":"2020-03-23"},"Wokingham, England, GBR":{"country":"United Kingdom","endDate":"2020-04-13","level":"National","place":"","startDate":"2020-03-23"},"Wiltshire, England, GBR":{"country":"United Kingdom","endDate":"2020-04-13","level":"National","place":"","startDate":"2020-03-23"},"Wakefield, England, GBR":{"country":"United Kingdom","endDate":"2020-04-13","level":"National","place":"","startDate":"2020-03-23"},"Stockport, England, GBR":{"country":"United Kingdom","endDate":"2020-04-13","level":"National","place":"","startDate":"2020-03-23"},"Southwark, England, GBR":{"country":"United Kingdom","endDate":"2020-04-13","level":"National","place":"","startDate":"2020-03-23"},"Grampian, Scotland, GBR":{"country":"United Kingdom","endDate":"2020-04-13","level":"National","place":"","startDate":"2020-03-23"},"Sheffield, England, GBR":{"country":"United Kingdom","endDate":"2020-04-13","level":"National","place":"","startDate":"2020-03-23"},"Greenwich, England, GBR":{"country":"United Kingdom","endDate":"2020-04-13","level":"National","place":"","startDate":"2020-03-23"},"Rotherham, England, GBR":{"country":"United Kingdom","endDate":"2020-04-13","level":"National","place":"","startDate":"2020-03-23"},"Blackpool, England, GBR":{"country":"United Kingdom","endDate":"2020-04-13","level":"National","place":"","startDate":"2020-03-23"},"Doncaster, England, GBR":{"country":"United Kingdom","endDate":"2020-04-13","level":"National","place":"","startDate":"2020-03-23"},"Redbridge, England, GBR":{"country":"United Kingdom","endDate":"2020-04-13","level":"National","place":"","startDate":"2020-03-23"},"Hampshire, England, GBR":{"country":"United Kingdom","endDate":"2020-04-13","level":"National","place":"","startDate":"2020-03-23"},"Liverpool, England, GBR":{"country":"United Kingdom","endDate":"2020-04-13","level":"National","place":"","startDate":"2020-03-23"},"Leicester, England, GBR":{"country":"United Kingdom","endDate":"2020-04-13","level":"National","place":"","startDate":"2020-03-23"},"Islington, England, GBR":{"country":"United Kingdom","endDate":"2020-04-13","level":"National","place":"","startDate":"2020-03-23"},"Sunderland, England, GBR":{"country":"United Kingdom","endDate":"2020-04-13","level":"National","place":"","startDate":"2020-03-23"},"Derbyshire, England, GBR":{"country":"United Kingdom","endDate":"2020-04-13","level":"National","place":"","startDate":"2020-03-23"},"Darlington, England, GBR":{"country":"United Kingdom","endDate":"2020-04-13","level":"National","place":"","startDate":"2020-03-23"},"St. Helens, England, GBR":{"country":"United Kingdom","endDate":"2020-04-13","level":"National","place":"","startDate":"2020-03-23"},"Manchester, England, GBR":{"country":"United Kingdom","endDate":"2020-04-13","level":"National","place":"","startDate":"2020-03-23"},"Calderdale, England, GBR":{"country":"United Kingdom","endDate":"2020-04-13","level":"National","place":"","startDate":"2020-03-23"},"Shropshire, England, GBR":{"country":"United Kingdom","endDate":"2020-04-13","level":"National","place":"","startDate":"2020-03-23"},"Lancashire, England, GBR":{"country":"United Kingdom","endDate":"2020-04-13","level":"National","place":"","startDate":"2020-03-23"},"Birmingham, England, GBR":{"country":"United Kingdom","endDate":"2020-04-13","level":"National","place":"","startDate":"2020-03-23"},"Warrington, England, GBR":{"country":"United Kingdom","endDate":"2020-04-13","level":"National","place":"","startDate":"2020-03-23"},"Hillingdon, England, GBR":{"country":"United Kingdom","endDate":"2020-04-13","level":"National","place":"","startDate":"2020-03-23"},"Wandsworth, England, GBR":{"country":"United Kingdom","endDate":"2020-04-13","level":"National","place":"","startDate":"2020-03-23"},"Hartlepool, England, GBR":{"country":"United Kingdom","endDate":"2020-04-13","level":"National","place":"","startDate":"2020-03-23"},"Portsmouth, England, GBR":{"country":"United Kingdom","endDate":"2020-04-13","level":"National","place":"","startDate":"2020-03-23"},"Nottingham, England, GBR":{"country":"United Kingdom","endDate":"2020-04-13","level":"National","place":"","startDate":"2020-03-23"},"Oxfordshire, England, GBR":{"country":"United Kingdom","endDate":"2020-04-13","level":"National","place":"","startDate":"2020-03-23"},"Southampton, England, GBR":{"country":"United Kingdom","endDate":"2020-04-13","level":"National","place":"","startDate":"2020-03-23"},"East Sussex, England, GBR":{"country":"United Kingdom","endDate":"2020-04-13","level":"National","place":"","startDate":"2020-03-23"},"West Sussex, England, GBR":{"country":"United Kingdom","endDate":"2020-04-13","level":"National","place":"","startDate":"2020-03-23"},"Westminster, England, GBR":{"country":"United Kingdom","endDate":"2020-04-13","level":"National","place":"","startDate":"2020-03-23"},"Warwickshire, England, GBR":{"country":"United Kingdom","endDate":"2020-04-13","level":"National","place":"","startDate":"2020-03-23"},"Peterborough, England, GBR":{"country":"United Kingdom","endDate":"2020-04-13","level":"National","place":"","startDate":"2020-03-23"},"Lincolnshire, England, GBR":{"country":"United Kingdom","endDate":"2020-04-13","level":"National","place":"","startDate":"2020-03-23"},"Lanarkshire, Scotland, GBR":{"country":"United Kingdom","endDate":"2020-04-13","level":"National","place":"","startDate":"2020-03-23"},"Wolverhampton, England, GBR":{"country":"United Kingdom","endDate":"2020-04-13","level":"National","place":"","startDate":"2020-03-23"},"British Virgin Islands, GBR":{"country":"United Kingdom","endDate":"2020-04-13","level":"National","place":"","startDate":"2020-03-23"},"Tower Hamlets, England, GBR":{"country":"United Kingdom","endDate":"2020-04-13","level":"National","place":"","startDate":"2020-03-23"},"Hertfordshire, England, GBR":{"country":"United Kingdom","endDate":"2020-04-13","level":"National","place":"","startDate":"2020-03-23"},"Isle of Wight, England, GBR":{"country":"United Kingdom","endDate":"2020-04-13","level":"National","place":"","startDate":"2020-03-23"},"Staffordshire, England, GBR":{"country":"United Kingdom","endDate":"2020-04-13","level":"National","place":"","startDate":"2020-03-23"},"Forth Valley, Scotland, GBR":{"country":"United Kingdom","endDate":"2020-04-13","level":"National","place":"","startDate":"2020-03-23"},"County Durham, England, GBR":{"country":"United Kingdom","endDate":"2020-04-13","level":"National","place":"","startDate":"2020-03-23"},"Cheshire East, England, GBR":{"country":"United Kingdom","endDate":"2020-04-13","level":"National","place":"","startDate":"2020-03-23"},"Middlesbrough, England, GBR":{"country":"United Kingdom","endDate":"2020-04-13","level":"National","place":"","startDate":"2020-03-23"},"Milton Keynes, England, GBR":{"country":"United Kingdom","endDate":"2020-04-13","level":"National","place":"","startDate":"2020-03-23"},"North Somerset, England, GBR":{"country":"United Kingdom","endDate":"2020-04-13","level":"National","place":"","startDate":"2020-03-23"},"Stoke-on-Trent, England, GBR":{"country":"United Kingdom","endDate":"2020-04-13","level":"National","place":"","startDate":"2020-03-23"},"Cambridgeshire, England, GBR":{"country":"United Kingdom","endDate":"2020-04-13","level":"National","place":"","startDate":"2020-03-23"},"Leicestershire, England, GBR":{"country":"United Kingdom","endDate":"2020-04-13","level":"National","place":"","startDate":"2020-03-23"},"Northumberland, England, GBR":{"country":"United Kingdom","endDate":"2020-04-13","level":"National","place":"","startDate":"2020-03-23"},"South Tyneside, England, GBR":{"country":"United Kingdom","endDate":"2020-04-13","level":"National","place":"","startDate":"2020-03-23"},"North Tyneside, England, GBR":{"country":"United Kingdom","endDate":"2020-04-13","level":"National","place":"","startDate":"2020-03-23"},"Waltham Forest, England, GBR":{"country":"United Kingdom","endDate":"2020-04-13","level":"National","place":"","startDate":"2020-03-23"},"Worcestershire, England, GBR":{"country":"United Kingdom","endDate":"2020-04-13","level":"National","place":"","startDate":"2020-03-23"},"West Berkshire, England, GBR":{"country":"United Kingdom","endDate":"2020-04-13","level":"National","place":"","startDate":"2020-03-23"},"Southend-on-Sea, England, GBR":{"country":"United Kingdom","endDate":"2020-04-13","level":"National","place":"","startDate":"2020-03-23"},"Gloucestershire, England, GBR":{"country":"United Kingdom","endDate":"2020-04-13","level":"National","place":"","startDate":"2020-03-23"},"North Yorkshire, England, GBR":{"country":"United Kingdom","endDate":"2020-04-13","level":"National","place":"","startDate":"2020-03-23"},"Turks and Caicos Islands, GBR":{"country":"United Kingdom","endDate":"2020-04-13","level":"National","place":"","startDate":"2020-03-23"},"Buckinghamshire, England, GBR":{"country":"United Kingdom","endDate":"2020-04-13","level":"National","place":"","startDate":"2020-03-23"},"Nottinghamshire, England, GBR":{"country":"United Kingdom","endDate":"2020-04-13","level":"National","place":"","startDate":"2020-03-23"},"Northamptonshire, England, GBR":{"country":"United Kingdom","endDate":"2020-04-13","level":"National","place":"","startDate":"2020-03-23"},"Stockton-on-Tees, England, GBR":{"country":"United Kingdom","endDate":"2020-04-13","level":"National","place":"","startDate":"2020-03-23"},"Bristol, City of, England, GBR":{"country":"United Kingdom","endDate":"2020-04-13","level":"National","place":"","startDate":"2020-03-23"},"Bracknell Forest, England, GBR":{"country":"United Kingdom","endDate":"2020-04-13","level":"National","place":"","startDate":"2020-03-23"},"Brighton and Hove, England, GBR":{"country":"United Kingdom","endDate":"2020-04-13","level":"National","place":"","startDate":"2020-03-23"},"Telford and Wrekin, England, GBR":{"country":"United Kingdom","endDate":"2020-04-13","level":"National","place":"","startDate":"2020-03-23"},"North Lincolnshire, England, GBR":{"country":"United Kingdom","endDate":"2020-04-13","level":"National","place":"","startDate":"2020-03-23"},"Ayrshire and Arran, Scotland, GBR":{"country":"United Kingdom","endDate":"2020-04-13","level":"National","place":"","startDate":"2020-03-23"},"Ayrshire and Arran, Scotland, GBR":{"country":"United Kingdom","endDate":"2020-04-13","level":"National","place":"","startDate":"2020-03-23"},"Newcastle upon Tyne, England, GBR":{"country":"United Kingdom","endDate":"2020-04-13","level":"National","place":"","startDate":"2020-03-23"},"Barking and Dagenham, England, GBR":{"country":"United Kingdom","endDate":"2020-04-13","level":"National","place":"","startDate":"2020-03-23"},"Kingston upon Thames, England, GBR":{"country":"United Kingdom","endDate":"2020-04-13","level":"National","place":"","startDate":"2020-03-23"},"Richmond upon Thames, England, GBR":{"country":"United Kingdom","endDate":"2020-04-13","level":"National","place":"","startDate":"2020-03-23"},"Central Bedfordshire, England, GBR":{"country":"United Kingdom","endDate":"2020-04-13","level":"National","place":"","startDate":"2020-03-23"},"Redcar and Cleveland, England, GBR":{"country":"United Kingdom","endDate":"2020-04-13","level":"National","place":"","startDate":"2020-03-23"},"Blackburn with Darwen, England, GBR":{"country":"United Kingdom","endDate":"2020-04-13","level":"National","place":"","startDate":"2020-03-23"},"South Gloucestershire, England, GBR":{"country":"United Kingdom","endDate":"2020-04-13","level":"National","place":"","startDate":"2020-03-23"},"Windsor and Maidenhead, England, GBR":{"country":"United Kingdom","endDate":"2020-04-13","level":"National","place":"","startDate":"2020-03-23"},"Dumfries and Galloway, Scotland, GBR":{"country":"United Kingdom","endDate":"2020-04-13","level":"National","place":"","startDate":"2020-03-23"},"Kensington and Chelsea, England, GBR":{"country":"United Kingdom","endDate":"2020-04-13","level":"National","place":"","startDate":"2020-03-23"},"Hammersmith and Fulham, England, GBR":{"country":"United Kingdom","endDate":"2020-04-13","level":"National","place":"","startDate":"2020-03-23"},"North East Lincolnshire, England, GBR":{"country":"United Kingdom","endDate":"2020-04-13","level":"National","place":"","startDate":"2020-03-23"},"East Riding of Yorkshire, England, GBR":{"country":"United Kingdom","endDate":"2020-04-13","level":"National","place":"","startDate":"2020-03-23"},"Herefordshire, County of, England, GBR":{"country":"United Kingdom","endDate":"2020-04-13","level":"National","place":"","startDate":"2020-03-23"},"Cheshire West and Chester, England, GBR":{"country":"United Kingdom","endDate":"2020-04-13","level":"National","place":"","startDate":"2020-03-23"},"Greater Glasgow and Clyde, Scotland, GBR":{"country":"United Kingdom","endDate":"2020-04-13","level":"National","place":"","startDate":"2020-03-23"},"Hackney and City of London, England, GBR":{"country":"United Kingdom","endDate":"2020-04-13","level":"National","place":"","startDate":"2020-03-23"},"Kingston upon Hull, City of, England, GBR":{"country":"United Kingdom","endDate":"2020-04-13","level":"National","place":"","startDate":"2020-03-23"},"Cornwall and Isles of Scilly, England, GBR":{"country":"United Kingdom","endDate":"2020-04-13","level":"National","place":"","startDate":"2020-03-23"},"Bath and North East Somerset, England, GBR":{"country":"United Kingdom","endDate":"2020-04-13","level":"National","place":"","startDate":"2020-03-23"},"Eileanan Siar (Western Isles), Scotland, GBR":{"country":"United Kingdom","endDate":"2020-04-13","level":"National","place":"","startDate":"2020-03-23"},"Bournemouth, Christchurch and Poole, England, GBR":{"country":"United Kingdom","endDate":"2020-04-13","level":"National","place":"","startDate":"2020-03-23"},"Goa, IND":{"country":"India","endDate":"2020-04-14","level":"National","place":"","startDate":"2020-03-24"},"Bihar, IND":{"country":"India","endDate":"2020-04-14","level":"National","place":"","startDate":"2020-03-24"},"Delhi, IND":{"country":"India","endDate":"2020-04-14","level":"National","place":"","startDate":"2020-03-24"},"Ladakh, IND":{"country":"India","endDate":"2020-04-14","level":"National","place":"","startDate":"2020-03-24"},"Punjab, IND":{"country":"India","endDate":"2020-04-14","level":"National","place":"","startDate":"2020-03-24"},"Odisha, IND":{"country":"India","endDate":"2020-04-14","level":"National","place":"","startDate":"2020-03-24"},"Kerala, IND":{"country":"India","endDate":"2020-04-14","level":"National","place":"","startDate":"2020-03-24"},"Mizoram, IND":{"country":"India","endDate":"2020-04-14","level":"National","place":"","startDate":"2020-03-24"},"Gujarat, IND":{"country":"India","endDate":"2020-04-14","level":"National","place":"","startDate":"2020-03-24"},"Haryana, IND":{"country":"India","endDate":"2020-04-14","level":"National","place":"","startDate":"2020-03-24"},"Manipur, IND":{"country":"India","endDate":"2020-04-14","level":"National","place":"","startDate":"2020-03-24"},"Karnataka, IND":{"country":"India","endDate":"2020-04-14","level":"National","place":"","startDate":"2020-03-24"},"Rajasthan, IND":{"country":"India","endDate":"2020-04-14","level":"National","place":"","startDate":"2020-03-24"},"Telengana, IND":{"country":"India","endDate":"2020-04-14","level":"National","place":"","startDate":"2020-03-24"},"Chandigarh, IND":{"country":"India","endDate":"2020-04-14","level":"National","place":"","startDate":"2020-03-24"},"Tamil Nadu, IND":{"country":"India","endDate":"2020-04-14","level":"National","place":"","startDate":"2020-03-24"},"Puducherry, IND":{"country":"India","endDate":"2020-04-14","level":"National","place":"","startDate":"2020-03-24"},"Uttarakhand, IND":{"country":"India","endDate":"2020-04-14","level":"National","place":"","startDate":"2020-03-24"},"West Bengal, IND":{"country":"India","endDate":"2020-04-14","level":"National","place":"","startDate":"2020-03-24"},"Maharashtra, IND":{"country":"India","endDate":"2020-04-14","level":"National","place":"","startDate":"2020-03-24"},"Chhattisgarh, IND":{"country":"India","endDate":"2020-04-14","level":"National","place":"","startDate":"2020-03-24"},"Uttar Pradesh, IND":{"country":"India","endDate":"2020-04-14","level":"National","place":"","startDate":"2020-03-24"},"Andhra Pradesh, IND":{"country":"India","endDate":"2020-04-14","level":"National","place":"","startDate":"2020-03-24"},"Madhya Pradesh, IND":{"country":"India","endDate":"2020-04-14","level":"National","place":"","startDate":"2020-03-24"},"Himachal Pradesh, IND":{"country":"India","endDate":"2020-04-14","level":"National","place":"","startDate":"2020-03-24"},"Jammu and Kashmir, IND":{"country":"India","endDate":"2020-04-14","level":"National","place":"","startDate":"2020-03-24"},"Andaman and Nicobar Islands, IND":{"country":"India","endDate":"2020-04-14","level":"National","place":"","startDate":"2020-03-24"},"Москва, RUS":{"country":"Russia","endDate":"","level":"National","place":"","startDate":"2020-03-30"},"Севастополь, RUS":{"country":"Russia","endDate":"","level":"National","place":"","startDate":"2020-03-30"},"Пермский край, RUS":{"country":"Russia","endDate":"","level":"National","place":"","startDate":"2020-03-30"},"Омская область, RUS":{"country":"Russia","endDate":"","level":"National","place":"","startDate":"2020-03-30"},"Алтайский край, RUS":{"country":"Russia","endDate":"","level":"National","place":"","startDate":"2020-03-30"},"Приморский край, RUS":{"country":"Russia","endDate":"","level":"National","place":"","startDate":"2020-03-30"},"Республика Коми, RUS":{"country":"Russia","endDate":"","level":"National","place":"","startDate":"2020-03-30"},"Республика Крым, RUS":{"country":"Russia","endDate":"","level":"National","place":"","startDate":"2020-03-30"},"Санкт-Петербург, RUS":{"country":"Russia","endDate":"","level":"National","place":"","startDate":"2020-03-30"},"Курская область, RUS":{"country":"Russia","endDate":"","level":"National","place":"","startDate":"2020-03-30"},"Томская область, RUS":{"country":"Russia","endDate":"","level":"National","place":"","startDate":"2020-03-30"},"Хабаровский край, RUS":{"country":"Russia","endDate":"","level":"National","place":"","startDate":"2020-03-30"},"Тульская область, RUS":{"country":"Russia","endDate":"","level":"National","place":"","startDate":"2020-03-30"},"Тверская область, RUS":{"country":"Russia","endDate":"","level":"National","place":"","startDate":"2020-03-30"},"Липецкая область, RUS":{"country":"Russia","endDate":"","level":"National","place":"","startDate":"2020-03-30"},"Амурская область, RUS":{"country":"Russia","endDate":"","level":"National","place":"","startDate":"2020-03-30"},"Брянская область, RUS":{"country":"Russia","endDate":"","level":"National","place":"","startDate":"2020-03-30"},"Республика Адыгея, RUS":{"country":"Russia","endDate":"","level":"National","place":"","startDate":"2020-03-30"},"Псковская область, RUS":{"country":"Russia","endDate":"","level":"National","place":"","startDate":"2020-03-30"},"Орловская область, RUS":{"country":"Russia","endDate":"","level":"National","place":"","startDate":"2020-03-30"},"Самарская область, RUS":{"country":"Russia","endDate":"","level":"National","place":"","startDate":"2020-03-30"},"Красноярский край, RUS":{"country":"Russia","endDate":"","level":"National","place":"","startDate":"2020-03-30"},"Тюменская область, RUS":{"country":"Russia","endDate":"","level":"National","place":"","startDate":"2020-03-30"},"Кировская область, RUS":{"country":"Russia","endDate":"","level":"National","place":"","startDate":"2020-03-30"},"Калужская область, RUS":{"country":"Russia","endDate":"","level":"National","place":"","startDate":"2020-03-30"},"Иркутская область, RUS":{"country":"Russia","endDate":"","level":"National","place":"","startDate":"2020-03-30"},"Рязанская область, RUS":{"country":"Russia","endDate":"","level":"National","place":"","startDate":"2020-03-30"},"Ивановская область, RUS":{"country":"Russia","endDate":"","level":"National","place":"","startDate":"2020-03-30"},"Забайкальский край, RUS":{"country":"Russia","endDate":"","level":"National","place":"","startDate":"2020-03-30"},"Краснодарский край, RUS":{"country":"Russia","endDate":"","level":"National","place":"","startDate":"2020-03-30"},"Московская область, RUS":{"country":"Russia","endDate":"","level":"National","place":"","startDate":"2020-03-30"},"Мурманская область, RUS":{"country":"Russia","endDate":"","level":"National","place":"","startDate":"2020-03-30"},"Смоленская область, RUS":{"country":"Russia","endDate":"","level":"National","place":"","startDate":"2020-03-30"},"Пензенская область, RUS":{"country":"Russia","endDate":"","level":"National","place":"","startDate":"2020-03-30"},"Тамбовская область, RUS":{"country":"Russia","endDate":"","level":"National","place":"","startDate":"2020-03-30"},"Республика Бурятия, RUS":{"country":"Russia","endDate":"","level":"National","place":"","startDate":"2020-03-30"},"Республика Хакасия, RUS":{"country":"Russia","endDate":"","level":"National","place":"","startDate":"2020-03-30"},"Республика Чувашия, RUS":{"country":"Russia","endDate":"","level":"National","place":"","startDate":"2020-03-30"},"Ростовская область, RUS":{"country":"Russia","endDate":"","level":"National","place":"","startDate":"2020-03-30"},"Курганская область, RUS":{"country":"Russia","endDate":"","level":"National","place":"","startDate":"2020-03-30"},"Кемеровская область, RUS":{"country":"Russia","endDate":"","level":"National","place":"","startDate":"2020-03-30"},"Ярославская область, RUS":{"country":"Russia","endDate":"","level":"National","place":"","startDate":"2020-03-30"},"Ханты-Мансийский АО, RUS":{"country":"Russia","endDate":"","level":"National","place":"","startDate":"2020-03-30"},"Челябинская область, RUS":{"country":"Russia","endDate":"","level":"National","place":"","startDate":"2020-03-30"},"Воронежская область, RUS":{"country":"Russia","endDate":"","level":"National","place":"","startDate":"2020-03-30"},"Вологодская область, RUS":{"country":"Russia","endDate":"","level":"National","place":"","startDate":"2020-03-30"},"Ставропольский край, RUS":{"country":"Russia","endDate":"","level":"National","place":"","startDate":"2020-03-30"},"Ульяновская область, RUS":{"country":"Russia","endDate":"","level":"National","place":"","startDate":"2020-03-30"},"Республика Мордовия, RUS":{"country":"Russia","endDate":"","level":"National","place":"","startDate":"2020-03-30"},"Республика Марий Эл, RUS":{"country":"Russia","endDate":"","level":"National","place":"","startDate":"2020-03-30"},"Магаданская область, RUS":{"country":"Russia","endDate":"","level":"National","place":"","startDate":"2020-03-30"},"Республика Калмыкия, RUS":{"country":"Russia","endDate":"","level":"National","place":"","startDate":"2020-03-30"},"Республика Дагестан, RUS":{"country":"Russia","endDate":"","level":"National","place":"","startDate":"2020-03-30"},"Сахалинская область, RUS":{"country":"Russia","endDate":"","level":"National","place":"","startDate":"2020-03-30"},"Костромская область, RUS":{"country":"Russia","endDate":"","level":"National","place":"","startDate":"2020-03-30"},"Саратовская область, RUS":{"country":"Russia","endDate":"","level":"National","place":"","startDate":"2020-03-30"},"Республика Татарстан, RUS":{"country":"Russia","endDate":"","level":"National","place":"","startDate":"2020-03-30"},"Новгородская область, RUS":{"country":"Russia","endDate":"","level":"National","place":"","startDate":"2020-03-30"},"Оренбургская область, RUS":{"country":"Russia","endDate":"","level":"National","place":"","startDate":"2020-03-30"},"Астраханская область, RUS":{"country":"Russia","endDate":"","level":"National","place":"","startDate":"2020-03-30"},"Чеченская Республика, RUS":{"country":"Russia","endDate":"","level":"National","place":"","startDate":"2020-03-30"},"Белгородская область, RUS":{"country":"Russia","endDate":"","level":"National","place":"","startDate":"2020-03-30"},"Владимирская область, RUS":{"country":"Russia","endDate":"","level":"National","place":"","startDate":"2020-03-30"},"Свердловская область, RUS":{"country":"Russia","endDate":"","level":"National","place":"","startDate":"2020-03-30"},"Удмуртская Республика, RUS":{"country":"Russia","endDate":"","level":"National","place":"","startDate":"2020-03-30"},"Архангельская область, RUS":{"country":"Russia","endDate":"","level":"National","place":"","startDate":"2020-03-30"},"Новосибирская область, RUS":{"country":"Russia","endDate":"","level":"National","place":"","startDate":"2020-03-30"},"Нижегородская область, RUS":{"country":"Russia","endDate":"","level":"National","place":"","startDate":"2020-03-30"},"Волгоградская область, RUS":{"country":"Russia","endDate":"","level":"National","place":"","startDate":"2020-03-30"},"Ленинградская область, RUS":{"country":"Russia","endDate":"","level":"National","place":"","startDate":"2020-03-30"},"Калининградская область, RUS":{"country":"Russia","endDate":"","level":"National","place":"","startDate":"2020-03-30"},"Республика Башкортостан, RUS":{"country":"Russia","endDate":"","level":"National","place":"","startDate":"2020-03-30"},"Республика Саха (Якутия), RUS":{"country":"Russia","endDate":"","level":"National","place":"","startDate":"2020-03-30"},"Ямало-Ненецкий автономный округ, RUS":{"country":"Russia","endDate":"","level":"National","place":"","startDate":"2020-03-30"},"Кабардино-Балкарская Республика, RUS":{"country":"Russia","endDate":"","level":"National","place":"","startDate":"2020-03-30"},"Республика Северная Осетия — Алания, RUS":{"country":"Russia","endDate":"","level":"National","place":"","startDate":"2020-03-30"}}